forecast_origin_utc,target_time_utc,target_station_id,paired_noaa_station_id,horizon_minutes,context_features,selected_experts,expert_predictions,actual_m,error_by_expert,forecast_m,forecast_error_m,event_severity_m,missing_data_conditions,approx_compute_cost_ms,max_hohonu_input_time_utc,max_noaa_input_time_utc,result_status
2024-01-02 00:00:00+00:00,2024-01-02 06:00:00+00:00,HOHONU_TEST,NOAA_TEST,360,"{""hohonu_freshness_seconds"": 0.0, ""hohonu_qc_status"": ""pass"", ""horizon_minutes"": 360, ""noaa_freshness_seconds"": 0.0, ""noaa_qc_status"": ""verified"", ""noaa_residual_trend_m_per_hour"": 0.0, ""recent_hohonu_trend_m_per_hour"": -0.0665150706118012, ""recent_noaa_residual_m"": 0.12, ""tide_phase"": ""falling""}","[""local_tide"", ""noaa_residual""]","{""local_persistence"": {""confidence"": 0.78, ""lower_m"": -1.0358416649499294, ""prediction_m"": -0.6258416649499292, ""status"": ""success"", ""upper_m"": -0.21584166494992918}, ""local_tide"": {""confidence"": 0.75, ""lower_m"": 0.38327863895857217, ""prediction_m"": 0.5032786389585722, ""status"": ""success"", ""upper_m"": 0.6232786389585722}, ""noaa_residual"": {""confidence"": 0.76, ""lower_m"": 0.3932786389585722, ""prediction_m"": 0.6232786389585722, ""status"": ""success"", ""upper_m"": 0.8532786389585721}, ""regional_to_local_residual"": {""confidence"": 0.6719999999999999, ""lower_m"": 0.3312786389585722, ""prediction_m"": 0.6232786389585722, ""status"": ""success"", ""upper_m"": 0.9152786389585721}, ""safe_fallback"": {""confidence"": 0.526, ""lower_m"": 0.20327863895857212, ""prediction_m"": 0.5032786389585722, ""status"": ""success"", ""upper_m"": 0.8032786389585722}}",0.27860650285442917,"{""local_persistence"": -0.9044481678043583, ""local_tide"": 0.224672136104143, ""noaa_residual"": 0.344672136104143, ""regional_to_local_residual"": 0.344672136104143, ""safe_fallback"": 0.224672136104143}",0.6233,0.3446934971455708,0.0,"{""hohonu_qc_ok"": true, ""missing_latest_hohonu"": false, ""missing_latest_noaa"": false, ""missing_tide_prediction"": false, ""noaa_qc_ok"": true}",10.644,2024-01-02 00:00:00+00:00,2024-01-02 00:00:00+00:00,available
2024-01-02 02:00:00+00:00,2024-01-02 08:00:00+00:00,HOHONU_TEST,NOAA_TEST,360,"{""hohonu_freshness_seconds"": 0.0, ""hohonu_qc_status"": ""pass"", ""horizon_minutes"": 360, ""noaa_freshness_seconds"": 0.0, ""noaa_qc_status"": ""verified"", ""noaa_residual_trend_m_per_hour"": 0.0, ""recent_hohonu_trend_m_per_hour"": 0.1093246584878282, ""recent_noaa_residual_m"": 0.12, ""tide_phase"": ""falling""}","[""local_tide"", ""noaa_residual""]","{""local_persistence"": {""confidence"": 0.78, ""lower_m"": 0.5331781722048815, ""prediction_m"": 0.9431781722048815, ""status"": ""success"", ""upper_m"": 1.3531781722048817}, ""local_tide"": {""confidence"": 0.75, ""lower_m"": -0.13464836709133504, ""prediction_m"": -0.014648367091335046, ""status"": ""success"", ""upper_m"": 0.10535163290866495}, ""noaa_residual"": {""confidence"": 0.76, ""lower_m"": -0.12464836709133506, ""prediction_m"": 0.10535163290866495, ""status"": ""success"", ""upper_m"": 0.335351632908665}, ""regional_to_local_residual"": {""confidence"": 0.6719999999999999, ""lower_m"": -0.18664836709133503, ""prediction_m"": 0.10535163290866495, ""status"": ""success"", ""upper_m"": 0.39735163290866493}, ""safe_fallback"": {""confidence"": 0.526, ""lower_m"": -0.3146483670913351, ""prediction_m"": -0.014648367091335046, ""status"": ""success"", ""upper_m"": 0.285351632908665}}",-0.271590697916878,"{""local_persistence"": 1.2147688701217596, ""local_tide"": 0.25694233082554296, ""noaa_residual"": 0.37694233082554296, ""regional_to_local_residual"": 0.37694233082554296, ""safe_fallback"": 0.25694233082554296}",0.1054,0.376990697916878,0.0,"{""hohonu_qc_ok"": true, ""missing_latest_hohonu"": false, ""missing_latest_noaa"": false, ""missing_tide_prediction"": false, ""noaa_qc_ok"": true}",10.311,2024-01-02 02:00:00+00:00,2024-01-02 02:00:00+00:00,available
2024-01-02 04:00:00+00:00,2024-01-02 10:00:00+00:00,HOHONU_TEST,NOAA_TEST,360,"{""hohonu_freshness_seconds"": 0.0, ""hohonu_qc_status"": ""pass"", ""horizon_minutes"": 360, ""noaa_freshness_seconds"": 0.0, ""noaa_qc_status"": ""verified"", ""noaa_residual_trend_m_per_hour"": 0.0, ""recent_hohonu_trend_m_per_hour"": 0.1824753461508756, ""recent_noaa_residual_m"": 0.12, ""tide_phase"": ""falling""}","[""local_tide"", ""noaa_residual""]","{""local_persistence"": {""confidence"": 0.78, ""lower_m"": 1.2519596992273834, ""prediction_m"": 1.6619596992273835, ""status"": ""success"", ""upper_m"": 2.0719596992273837}, ""local_tide"": {""confidence"": 0.75, ""lower_m"": -0.49346362436388624, ""prediction_m"": -0.37346362436388625, ""status"": ""success"", ""upper_m"": -0.25346362436388625}, ""noaa_residual"": {""confidence"": 0.76, ""lower_m"": -0.48346362436388624, ""prediction_m"": -0.25346362436388625, ""status"": ""success"", ""upper_m"": -0.023463624363886243}, ""regional_to_local_residual"": {""confidence"": 0.6719999999999999, ""lower_m"": -0.5454636243638862, ""prediction_m"": -0.25346362436388625, ""status"": ""success"", ""upper_m"": 0.03853637563611373}, ""safe_fallback"": {""confidence"": 0.526, ""lower_m"": -0.6734636243638863, ""prediction_m"": -0.37346362436388625, ""status"": ""success"", ""upper_m"": -0.0734636243638862}}",-0.5309894787245861,"{""local_persistence"": 2.1929491779519696, ""local_tide"": 0.15752585436069988, ""noaa_residual"": 0.2775258543606999, ""regional_to_local_residual"": 0.2775258543606999, ""safe_fallback"": 0.15752585436069988}",-0.2535,0.2774894787245861,0.0,"{""hohonu_qc_ok"": true, ""missing_latest_hohonu"": false, ""missing_latest_noaa"": false, ""missing_tide_prediction"": false, ""noaa_qc_ok"": true}",10.335,2024-01-02 04:00:00+00:00,2024-01-02 04:00:00+00:00,available
2024-01-02 06:00:00+00:00,2024-01-02 12:00:00+00:00,HOHONU_TEST,NOAA_TEST,360,"{""hohonu_freshness_seconds"": 0.0, ""hohonu_qc_status"": ""pass"", ""horizon_minutes"": 360, ""noaa_freshness_seconds"": 0.0, ""noaa_qc_status"": ""verified"", ""noaa_residual_trend_m_per_hour"": 0.0, ""recent_hohonu_trend_m_per_hour"": 0.08422629068892519, ""recent_noaa_residual_m"": 0.12, ""tide_phase"": ""rising""}","[""local_tide"", ""noaa_residual""]","{""local_persistence"": {""confidence"": 0.78, ""lower_m"": 0.37396424698798036, ""prediction_m"": 0.7839642469879804, ""status"": ""success"", ""upper_m"": 1.1939642469879805}, ""local_tide"": {""confidence"": 0.75, ""lower_m"": -0.4175638714093948, ""prediction_m"": -0.29756387140939483, ""status"": ""success"", ""upper_m"": -0.17756387140939484}, ""noaa_residual"": {""confidence"": 0.76, ""lower_m"": -0.4075638714093949, ""prediction_m"": -0.17756387140939484, ""status"": ""success"", ""upper_m"": 0.052436128590605174}, ""regional_to_local_residual"": {""confidence"": 0.6719999999999999, ""lower_m"": -0.4695638714093948, ""prediction_m"": -0.17756387140939484, ""status"": ""success"", ""upper_m"": 0.11443612859060515}, ""safe_fallback"": {""confidence"": 0.526, ""lower_m"": -0.5975638714093949, ""prediction_m"": -0.29756387140939483, ""status"": ""success"", ""upper_m"": 0.0024361285906052133}}",-0.32732025855033453,"{""local_persistence"": 1.111284505538315, ""local_tide"": 0.0297563871409397, ""noaa_residual"": 0.1497563871409397, ""regional_to_local_residual"": 0.1497563871409397, ""safe_fallback"": 0.0297563871409397}",-0.1776,0.14972025855033452,0.0,"{""hohonu_qc_ok"": true, ""missing_latest_hohonu"": false, ""missing_latest_noaa"": false, ""missing_tide_prediction"": false, ""noaa_qc_ok"": true}",10.507,2024-01-02 06:00:00+00:00,2024-01-02 06:00:00+00:00,available
2024-01-02 08:00:00+00:00,2024-01-02 14:00:00+00:00,HOHONU_TEST,NOAA_TEST,360,"{""hohonu_freshness_seconds"": 0.0, ""hohonu_qc_status"": ""pass"", ""horizon_minutes"": 360, ""noaa_freshness_seconds"": 0.0, ""noaa_qc_status"": ""verified"", ""noaa_residual_trend_m_per_hour"": 0.0, ""recent_hohonu_trend_m_per_hour"": -0.0931368198657984, ""recent_noaa_residual_m"": 0.12, ""tide_phase"": ""rising""}","[""local_tide"", ""noaa_residual""]","{""local_persistence"": {""confidence"": 0.78, ""lower_m"": -1.2404116171116684, ""prediction_m"": -0.8304116171116684, ""status"": ""success"", ""upper_m"": -0.4204116171116684}, ""local_tide"": {""confidence"": 0.75, ""lower_m"": -0.06216131328866438, ""prediction_m"": 0.057838686711335616, ""status"": ""success"", ""upper_m"": 0.17783868671133563}, ""noaa_residual"": {""confidence"": 0.76, ""lower_m"": -0.052161313288664385, ""prediction_m"": 0.17783868671133563, ""status"": ""success"", ""upper_m"": 0.4078386867113356}, ""regional_to_local_residual"": {""confidence"": 0.6719999999999999, ""lower_m"": -0.11416131328866436, ""prediction_m"": 0.17783868671133563, ""status"": ""success"", ""upper_m"": 0.4698386867113356}, ""safe_fallback"": {""confidence"": 0.526, ""lower_m"": -0.24216131328866441, ""prediction_m"": 0.057838686711335616, ""status"": ""success"", ""upper_m"": 0.3578386867113357}}",0.18380204730678026,"{""local_persistence"": -1.0142136644184487, ""local_tide"": -0.12596336059544466, ""noaa_residual"": -0.005963360595444639, ""regional_to_local_residual"": -0.005963360595444639, ""safe_fallback"": -0.12596336059544466}",0.1778,-0.0060020473067802504,0.0,"{""hohonu_qc_ok"": true, ""missing_latest_hohonu"": false, ""missing_latest_noaa"": false, ""missing_tide_prediction"": false, ""noaa_qc_ok"": true}",10.326,2024-01-02 08:00:00+00:00,2024-01-02 08:00:00+00:00,available
2024-01-02 10:00:00+00:00,2024-01-02 16:00:00+00:00,HOHONU_TEST,NOAA_TEST,360,"{""hohonu_freshness_seconds"": 0.0, ""hohonu_qc_status"": ""pass"", ""horizon_minutes"": 360, ""noaa_freshness_seconds"": 0.0, ""noaa_qc_status"": ""verified"", ""noaa_residual_trend_m_per_hour"": 0.0, ""recent_hohonu_trend_m_per_hour"": -0.183016183507786, ""recent_noaa_residual_m"": 0.12, ""tide_phase"": ""rising""}","[""local_tide"", ""noaa_residual""]","{""local_persistence"": {""confidence"": 0.78, ""lower_m"": -2.0390865797713023, ""prediction_m"": -1.6290865797713021, ""status"": ""success"", ""upper_m"": -1.219086579771302}, ""local_tide"": {""confidence"": 0.75, ""lower_m"": 0.15499386367728707, ""prediction_m"": 0.27499386367728706, ""status"": ""success"", ""upper_m"": 0.39499386367728706}, ""noaa_residual"": {""confidence"": 0.76, ""lower_m"": 0.16499386367728705, ""prediction_m"": 0.39499386367728706, ""status"": ""success"", ""upper_m"": 0.624993863677287}, ""regional_to_local_residual"": {""confidence"": 0.6719999999999999, ""lower_m"": 0.10299386367728708, ""prediction_m"": 0.39499386367728706, ""status"": ""success"", ""upper_m"": 0.686993863677287}, ""safe_fallback"": {""confidence"": 0.526, ""lower_m"": -0.02500613632271298, ""prediction_m"": 0.27499386367728706, ""status"": ""success"", ""upper_m"": 0.5749938636772871}}",0.5579707441614252,"{""local_persistence"": -2.187057323932727, ""local_tide"": -0.28297688048413816, ""noaa_residual"": -0.16297688048413816, ""regional_to_local_residual"": -0.16297688048413816, ""safe_fallback"": -0.28297688048413816}",0.395,-0.1629707441614252,0.0,"{""hohonu_qc_ok"": true, ""missing_latest_hohonu"": false, ""missing_latest_noaa"": false, ""missing_tide_prediction"": false, ""noaa_qc_ok"": true}",11.436,2024-01-02 10:00:00+00:00,2024-01-02 10:00:00+00:00,available
2024-01-02 12:00:00+00:00,2024-01-02 18:00:00+00:00,HOHONU_TEST,NOAA_TEST,360,"{""hohonu_freshness_seconds"": 0.0, ""hohonu_qc_status"": ""pass"", ""horizon_minutes"": 360, ""noaa_freshness_seconds"": 0.0, ""noaa_qc_status"": ""verified"", ""noaa_residual_trend_m_per_hour"": 0.0, ""recent_hohonu_trend_m_per_hour"": -0.10098779356746061, ""recent_noaa_residual_m"": 0.12, ""tide_phase"": ""falling""}","[""local_tide"", ""noaa_residual""]","{""local_persistence"": {""confidence"": 0.78, ""lower_m"": -1.3432470199550983, ""prediction_m"": -0.9332470199550982, ""status"": ""success"", ""upper_m"": -0.5232470199550981}, ""local_tide"": {""confidence"": 0.75, ""lower_m"": -0.03150616115317034, ""prediction_m"": 0.08849383884682965, ""status"": ""success"", ""upper_m"": 0.20849383884682965}, ""noaa_residual"": {""confidence"": 0.76, ""lower_m"": -0.02150616115317036, ""prediction_m"": 0.20849383884682965, ""status"": ""success"", ""upper_m"": 0.4384938388468297}, ""regional_to_local_residual"": {""confidence"": 0.6719999999999999, ""lower_m"": -0.08350616115317033, ""prediction_m"": 0.20849383884682965, ""status"": ""success"", ""upper_m"": 0.5004938388468296}, ""safe_fallback"": {""confidence"": 0.526, ""lower_m"": -0.2115061611531704, ""prediction_m"": 0.08849383884682965, ""status"": ""success"", ""upper_m"": 0.3884938388468297}}",0.3723432227315126,"{""local_persistence"": -1.3055902426866108, ""local_tide"": -0.28384938388468295, ""noaa_residual"": -0.16384938388468295, ""regional_to_local_residual"": -0.16384938388468295, ""safe_fallback"": -0.28384938388468295}",0.2085,-0.1638432227315126,0.0,"{""hohonu_qc_ok"": true, ""missing_latest_hohonu"": false, ""missing_latest_noaa"": false, ""missing_tide_prediction"": false, ""noaa_qc_ok"": true}",10.695,2024-01-02 12:00:00+00:00,2024-01-02 12:00:00+00:00,available
2024-01-02 14:00:00+00:00,2024-01-02 20:00:00+00:00,HOHONU_TEST,NOAA_TEST,360,"{""hohonu_freshness_seconds"": 0.0, ""hohonu_qc_status"": ""pass"", ""horizon_minutes"": 360, ""noaa_freshness_seconds"": 0.0, ""noaa_qc_status"": ""verified"", ""noaa_residual_trend_m_per_hour"": 2.3129646346357427e-18, ""recent_hohonu_trend_m_per_hour"": 0.0758987908706097, ""recent_noaa_residual_m"": 0.12000000000000001, ""tide_phase"": ""falling""}","[""local_tide"", ""noaa_residual""]","{""local_persistence"": {""confidence"": 0.78, ""lower_m"": 0.2291947925304385, ""prediction_m"": 0.6391947925304385, ""status"": ""success"", ""upper_m"": 1.0491947925304386}, ""local_tide"": {""confidence"": 0.75, ""lower_m"": -0.4689673573626242, ""prediction_m"": -0.3489673573626242, ""status"": ""success"", ""upper_m"": -0.2289673573626242}, ""noaa_residual"": {""confidence"": 0.76, ""lower_m"": -0.4589673573626242, ""prediction_m"": -0.22896735736262416, ""status"": ""success"", ""upper_m"": 0.0010326426373758468}, ""regional_to_local_residual"": {""confidence"": 0.6719999999999999, ""lower_m"": -0.5209673573626241, ""prediction_m"": -0.2289673573626242, ""status"": ""success"", ""upper_m"": 0.06303264263737579}, ""safe_fallback"": {""confidence"": 0.526, ""lower_m"": -0.6489673573626242, ""prediction_m"": -0.3489673573626242, ""status"": ""success"", ""upper_m"": -0.04896735736262414}}",-0.1630276151338545,"{""local_persistence"": 0.802222407664293, ""local_tide"": -0.1859397422287697, ""noaa_residual"": -0.06593974222876967, ""regional_to_local_residual"": -0.0659397422287697, ""safe_fallback"": -0.1859397422287697}",-0.229,-0.06597238486614551,0.0,"{""hohonu_qc_ok"": true, ""missing_latest_hohonu"": false, ""missing_latest_noaa"": false, ""missing_tide_prediction"": false, ""noaa_qc_ok"": true}",10.06,2024-01-02 14:00:00+00:00,2024-01-02 14:00:00+00:00,available
2024-01-02 16:00:00+00:00,2024-01-02 22:00:00+00:00,HOHONU_TEST,NOAA_TEST,360,"{""hohonu_freshness_seconds"": 0.0, ""hohonu_qc_status"": ""pass"", ""horizon_minutes"": 360, ""noaa_freshness_seconds"": 0.0, ""noaa_qc_status"": ""verified"", ""noaa_residual_trend_m_per_hour"": 0.0, ""recent_hohonu_trend_m_per_hour"": 0.1814933704810019, ""recent_noaa_residual_m"": 0.12, ""tide_phase"": ""falling""}","[""local_tide"", ""noaa_residual""]","{""local_persistence"": {""confidence"": 0.78, ""lower_m"": 1.2369309670474364, ""prediction_m"": 1.6469309670474366, ""status"": ""success"", ""upper_m"": 2.0569309670474367}, ""local_tide"": {""confidence"": 0.75, ""lower_m"": -0.7239947561577447, ""prediction_m"": -0.6039947561577447, ""status"": ""success"", ""upper_m"": -0.4839947561577447}, ""noaa_residual"": {""confidence"": 0.76, ""lower_m"": -0.7139947561577447, ""prediction_m"": -0.4839947561577447, ""status"": ""success"", ""upper_m"": -0.2539947561577447}, ""regional_to_local_residual"": {""confidence"": 0.6719999999999999, ""lower_m"": -0.7759947561577447, ""prediction_m"": -0.4839947561577447, ""status"": ""success"", ""upper_m"": -0.1919947561577447}, ""safe_fallback"": {""confidence"": 0.526, ""lower_m"": -0.9039947561577447, ""prediction_m"": -0.6039947561577447, ""status"": ""success"", ""upper_m"": -0.30399475615774463}}",-0.5095737236978299,"{""local_persistence"": 2.1565046907452663, ""local_tide"": -0.09442103245991473, ""noaa_residual"": 0.025578967540085262, ""regional_to_local_residual"": 0.025578967540085262, ""safe_fallback"": -0.09442103245991473}",-0.484,0.025573723697829953,0.0,"{""hohonu_qc_ok"": true, ""missing_latest_hohonu"": false, ""missing_latest_noaa"": false, ""missing_tide_prediction"": false, ""noaa_qc_ok"": true}",10.0,2024-01-02 16:00:00+00:00,2024-01-02 16:00:00+00:00,available
2024-01-02 18:00:00+00:00,2024-01-03 00:00:00+00:00,HOHONU_TEST,NOAA_TEST,360,"{""hohonu_freshness_seconds"": 0.0, ""hohonu_qc_status"": ""pass"", ""horizon_minutes"": 360, ""noaa_freshness_seconds"": 0.0, ""noaa_qc_status"": ""verified"", ""noaa_residual_trend_m_per_hour"": 0.0, ""recent_hohonu_trend_m_per_hour"": 0.1166105802136412, ""recent_noaa_residual_m"": 0.12, ""tide_phase"": ""rising""}","[""local_tide"", ""noaa_residual""]","{""local_persistence"": {""confidence"": 0.78, ""lower_m"": 0.6620067040133598, ""prediction_m"": 1.0720067040133598, ""status"": ""success"", ""upper_m"": 1.4820067040133598}, ""local_tide"": {""confidence"": 0.75, ""lower_m"": -0.49560702392640943, ""prediction_m"": -0.37560702392640943, ""status"": ""success"", ""upper_m"": -0.25560702392640944}, ""noaa_residual"": {""confidence"": 0.76, ""lower_m"": -0.4856070239264094, ""prediction_m"": -0.25560702392640944, ""status"": ""success"", ""upper_m"": -0.025607023926409428}, ""regional_to_local_residual"": {""confidence"": 0.6719999999999999, ""lower_m"": -0.5476070239264095, ""prediction_m"": -0.25560702392640944, ""status"": ""success"", ""upper_m"": 0.036392976073590544}, ""safe_fallback"": {""confidence"": 0.526, ""lower_m"": -0.6756070239264095, ""prediction_m"": -0.37560702392640943, ""status"": ""success"", ""upper_m"": -0.07560702392640939}}",-0.41316772631905035,"{""local_persistence"": 1.4851744303324101, ""local_tide"": 0.03756070239264092, ""noaa_residual"": 0.15756070239264092, ""regional_to_local_residual"": 0.15756070239264092, ""safe_fallback"": 0.03756070239264092}",-0.2556,0.15756772631905036,0.0,"{""hohonu_qc_ok"": true, ""missing_latest_hohonu"": false, ""missing_latest_noaa"": false, ""missing_tide_prediction"": false, ""noaa_qc_ok"": true}",10.14,2024-01-02 18:00:00+00:00,2024-01-02 18:00:00+00:00,available
2024-01-02 20:00:00+00:00,2024-01-03 02:00:00+00:00,HOHONU_TEST,NOAA_TEST,360,"{""hohonu_freshness_seconds"": 0.0, ""hohonu_qc_status"": ""pass"", ""horizon_minutes"": 360, ""noaa_freshness_seconds"": 0.0, ""noaa_qc_status"": ""verified"", ""noaa_residual_trend_m_per_hour"": -2.3129646346357427e-18, ""recent_hohonu_trend_m_per_hour"": -0.05780494374010579, ""recent_noaa_residual_m"": 0.12, ""tide_phase"": ""rising""}","[""local_tide"", ""noaa_residual""]","{""local_persistence"": {""confidence"": 0.78, ""lower_m"": -0.9198572775744892, ""prediction_m"": -0.5098572775744892, ""status"": ""success"", ""upper_m"": -0.09985727757448914}, ""local_tide"": {""confidence"": 0.75, ""lower_m"": 0.08558972483750196, ""prediction_m"": 0.20558972483750196, ""status"": ""success"", ""upper_m"": 0.3255897248375019}, ""noaa_residual"": {""confidence"": 0.76, ""lower_m"": 0.09558972483750192, ""prediction_m"": 0.3255897248375019, ""status"": ""success"", ""upper_m"": 0.5555897248375019}, ""regional_to_local_residual"": {""confidence"": 0.6719999999999999, ""lower_m"": 0.033589724837501944, ""prediction_m"": 0.3255897248375019, ""status"": ""success"", ""upper_m"": 0.617589724837502}, ""safe_fallback"": {""confidence"": 0.526, ""lower_m"": -0.09441027516249809, ""prediction_m"": 0.20558972483750196, ""status"": ""success"", ""upper_m"": 0.505589724837502}}",0.07132818924556318,"{""local_persistence"": -0.5811854668200523, ""local_tide"": 0.13426153559193876, ""noaa_residual"": 0.25426153559193876, ""regional_to_local_residual"": 0.25426153559193876, ""safe_fallback"": 0.13426153559193876}",0.3256,0.25427181075443683,0.0,"{""hohonu_qc_ok"": true, ""missing_latest_hohonu"": false, ""missing_latest_noaa"": false, ""missing_tide_prediction"": false, ""noaa_qc_ok"": true}",9.907,2024-01-02 20:00:00+00:00,2024-01-02 20:00:00+00:00,available
2024-01-02 22:00:00+00:00,2024-01-03 04:00:00+00:00,HOHONU_TEST,NOAA_TEST,360,"{""hohonu_freshness_seconds"": 0.0, ""hohonu_qc_status"": ""pass"", ""horizon_minutes"": 360, ""noaa_freshness_seconds"": 0.0, ""noaa_qc_status"": ""verified"", ""noaa_residual_trend_m_per_hour"": 0.0, ""recent_hohonu_trend_m_per_hour"": -0.17792407797654253, ""recent_noaa_residual_m"": 0.12, ""tide_phase"": ""rising""}","[""local_tide"", ""noaa_residual""]","{""local_persistence"": {""confidence"": 0.78, ""lower_m"": -1.987118191557085, ""prediction_m"": -1.577118191557085, ""status"": ""success"", ""upper_m"": -1.1671181915570852}, ""local_tide"": {""confidence"": 0.75, ""lower_m"": 0.5575946087225679, ""prediction_m"": 0.6775946087225679, ""status"": ""success"", ""upper_m"": 0.7975946087225679}, ""noaa_residual"": {""confidence"": 0.76, ""lower_m"": 0.567594608722568, ""prediction_m"": 0.7975946087225679, ""status"": ""success"", ""upper_m"": 1.027594608722568}, ""regional_to_local_residual"": {""confidence"": 0.6719999999999999, ""lower_m"": 0.505594608722568, ""prediction_m"": 0.7975946087225679, ""status"": ""success"", ""upper_m"": 1.0895946087225679}, ""safe_fallback"": {""confidence"": 0.526, ""lower_m"": 0.3775946087225679, ""prediction_m"": 0.6775946087225679, ""status"": ""success"", ""upper_m"": 0.977594608722568}}",0.524517591629793,"{""local_persistence"": -2.101635783186878, ""local_tide"": 0.153077017092775, ""noaa_residual"": 0.273077017092775, ""regional_to_local_residual"": 0.273077017092775, ""safe_fallback"": 0.153077017092775}",0.7976,0.27308240837020703,0.0,"{""hohonu_qc_ok"": true, ""missing_latest_hohonu"": false, ""missing_latest_noaa"": false, ""missing_tide_prediction"": false, ""noaa_qc_ok"": true}",27.632,2024-01-02 22:00:00+00:00,2024-01-02 22:00:00+00:00,available
2024-01-03 00:00:00+00:00,2024-01-03 06:00:00+00:00,HOHONU_TEST,NOAA_TEST,360,"{""hohonu_freshness_seconds"": 0.0, ""hohonu_qc_status"": ""pass"", ""horizon_minutes"": 360, ""noaa_freshness_seconds"": 0.0, ""noaa_qc_status"": ""verified"", ""noaa_residual_trend_m_per_hour"": 0.0, ""recent_hohonu_trend_m_per_hour"": -0.13091849150842716, ""recent_noaa_residual_m"": 0.12, ""tide_phase"": ""falling""}","[""local_tide"", ""noaa_residual""]","{""local_persistence"": {""confidence"": 0.78, ""lower_m"": -1.6086786753696134, ""prediction_m"": -1.1986786753696133, ""status"": ""success"", ""upper_m"": -0.7886786753696132}, ""local_tide"": {""confidence"": 0.75, ""lower_m"": 0.5384849465052216, ""prediction_m"": 0.6584849465052216, ""status"": ""success"", ""upper_m"": 0.7784849465052216}, ""noaa_residual"": {""confidence"": 0.76, ""lower_m"": 0.5484849465052216, ""prediction_m"": 0.7784849465052216, ""status"": ""success"", ""upper_m"": 1.0084849465052217}, ""regional_to_local_residual"": {""confidence"": 0.6719999999999999, ""lower_m"": 0.4864849465052216, ""prediction_m"": 0.7784849465052216, ""status"": ""success"", ""upper_m"": 1.0704849465052215}, ""safe_fallback"": {""confidence"": 0.526, ""lower_m"": 0.35848494650522156, ""prediction_m"": 0.6584849465052216, ""status"": ""success"", ""upper_m"": 0.9584849465052216}}",0.4493334411557437,"{""local_persistence"": -1.648012116525357, ""local_tide"": 0.2091515053494779, ""noaa_residual"": 0.3291515053494779, ""regional_to_local_residual"": 0.3291515053494779, ""safe_fallback"": 0.2091515053494779}",0.7785,0.3291665588442563,0.0,"{""hohonu_qc_ok"": true, ""missing_latest_hohonu"": false, ""missing_latest_noaa"": false, ""missing_tide_prediction"": false, ""noaa_qc_ok"": true}",10.461,2024-01-03 00:00:00+00:00,2024-01-03 00:00:00+00:00,available
2024-01-03 02:00:00+00:00,2024-01-03 08:00:00+00:00,HOHONU_TEST,NOAA_TEST,360,"{""hohonu_freshness_seconds"": 0.0, ""hohonu_qc_status"": ""pass"", ""horizon_minutes"": 360, ""noaa_freshness_seconds"": 0.0, ""noaa_qc_status"": ""verified"", ""noaa_residual_trend_m_per_hour"": -4.625929269271485e-18, ""recent_hohonu_trend_m_per_hour"": 0.03905930072990294, ""recent_noaa_residual_m"": 0.11999999999999997, ""tide_phase"": ""falling""}","[""local_tide"", ""noaa_residual""]","{""local_persistence"": {""confidence"": 0.78, ""lower_m"": -0.08867181075443681, ""prediction_m"": 0.30568399362498083, ""status"": ""success"", ""upper_m"": 0.7000397980043984}, ""local_tide"": {""confidence"": 0.75, ""lower_m"": 0.06869661976649866, ""prediction_m"": 0.18869661976649865, ""status"": ""success"", ""upper_m"": 0.30869661976649865}, ""noaa_residual"": {""confidence"": 0.76, ""lower_m"": 0.07869661976649858, ""prediction_m"": 0.3086966197664986, ""status"": ""success"", ""upper_m"": 0.5386966197664986}, ""regional_to_local_residual"": {""confidence"": 0.6719999999999999, ""lower_m"": 0.016696619766498666, ""prediction_m"": 0.30869661976649865, ""status"": ""success"", ""upper_m"": 0.6006966197664987}, ""safe_fallback"": {""confidence"": 0.526, ""lower_m"": -0.11130338023350139, ""prediction_m"": 0.18869661976649865, ""status"": ""success"", ""upper_m"": 0.4886966197664987}}",-0.04791121237326096,"{""local_persistence"": 0.3535952059982418, ""local_tide"": 0.2366078321397596, ""noaa_residual"": 0.35660783213975955, ""regional_to_local_residual"": 0.3566078321397596, ""safe_fallback"": 0.2366078321397596}",0.3087,0.35661121237326093,0.0,"{""hohonu_qc_ok"": true, ""missing_latest_hohonu"": false, ""missing_latest_noaa"": false, ""missing_tide_prediction"": false, ""noaa_qc_ok"": true}",10.357,2024-01-03 02:00:00+00:00,2024-01-03 02:00:00+00:00,available
2024-01-03 04:00:00+00:00,2024-01-03 10:00:00+00:00,HOHONU_TEST,NOAA_TEST,360,"{""hohonu_freshness_seconds"": 0.0, ""hohonu_qc_status"": ""pass"", ""horizon_minutes"": 360, ""noaa_freshness_seconds"": 0.0, ""noaa_qc_status"": ""verified"", ""noaa_residual_trend_m_per_hour"": 0.0, ""recent_hohonu_trend_m_per_hour"": 0.1723485525546038, ""recent_noaa_residual_m"": 0.12, ""tide_phase"": ""falling""}","[""local_tide"", ""noaa_residual""]","{""local_persistence"": {""confidence"": 0.78, ""lower_m"": 1.1486089069574157, ""prediction_m"": 1.5586089069574158, ""status"": ""success"", ""upper_m"": 1.968608906957416}, ""local_tide"": {""confidence"": 0.75, ""lower_m"": -0.43298262923170766, ""prediction_m"": -0.31298262923170767, ""status"": ""success"", ""upper_m"": -0.19298262923170767}, ""noaa_residual"": {""confidence"": 0.76, ""lower_m"": -0.4229826292317077, ""prediction_m"": -0.19298262923170767, ""status"": ""success"", ""upper_m"": 0.03701737076829234}, ""regional_to_local_residual"": {""confidence"": 0.6719999999999999, ""lower_m"": -0.48498262923170765, ""prediction_m"": -0.19298262923170767, ""status"": ""success"", ""upper_m"": 0.09901737076829231}, ""safe_fallback"": {""confidence"": 0.526, ""lower_m"": -0.6129826292317078, ""prediction_m"": -0.31298262923170767, ""status"": ""success"", ""upper_m"": -0.01298262923170762}}",-0.46446038407918966,"{""local_persistence"": 2.0230692910366055, ""local_tide"": 0.151477754847482, ""noaa_residual"": 0.271477754847482, ""regional_to_local_residual"": 0.271477754847482, ""safe_fallback"": 0.151477754847482}",-0.193,0.27146038407918965,0.0,"{""hohonu_qc_ok"": true, ""missing_latest_hohonu"": false, ""missing_latest_noaa"": false, ""missing_tide_prediction"": false, ""noaa_qc_ok"": true}",10.517,2024-01-03 04:00:00+00:00,2024-01-03 04:00:00+00:00,available
2024-01-03 06:00:00+00:00,2024-01-03 12:00:00+00:00,HOHONU_TEST,NOAA_TEST,360,"{""hohonu_freshness_seconds"": 0.0, ""hohonu_qc_status"": ""pass"", ""horizon_minutes"": 360, ""noaa_freshness_seconds"": 0.0, ""noaa_qc_status"": ""verified"", ""noaa_residual_trend_m_per_hour"": 0.0, ""recent_hohonu_trend_m_per_hour"": 0.14375019457913232, ""recent_noaa_residual_m"": 0.12, ""tide_phase"": ""rising""}","[""local_tide"", ""noaa_residual""]","{""local_persistence"": {""confidence"": 0.78, ""lower_m"": 0.9018346086305377, ""prediction_m"": 1.3118346086305377, ""status"": ""success"", ""upper_m"": 1.7218346086305378}, ""local_tide"": {""confidence"": 0.75, ""lower_m"": -0.5567568823323039, ""prediction_m"": -0.43675688233230386, ""status"": ""success"", ""upper_m"": -0.31675688233230387}, ""noaa_residual"": {""confidence"": 0.76, ""lower_m"": -0.5467568823323039, ""prediction_m"": -0.31675688233230387, ""status"": ""success"", ""upper_m"": -0.08675688233230386}, ""regional_to_local_residual"": {""confidence"": 0.6719999999999999, ""lower_m"": -0.6087568823323039, ""prediction_m"": -0.31675688233230387, ""status"": ""success"", ""upper_m"": -0.024756882332303887}, ""safe_fallback"": {""confidence"": 0.526, ""lower_m"": -0.7367568823323039, ""prediction_m"": -0.43675688233230386, ""status"": ""success"", ""upper_m"": -0.13675688233230382}}",-0.48043257056553534,"{""local_persistence"": 1.792267179196073, ""local_tide"": 0.04367568823323148, ""noaa_residual"": 0.16367568823323148, ""regional_to_local_residual"": 0.16367568823323148, ""safe_fallback"": 0.04367568823323148}",-0.3168,0.16363257056553532,0.0,"{""hohonu_qc_ok"": true, ""missing_latest_hohonu"": false, ""missing_latest_noaa"": false, ""missing_tide_prediction"": false, ""noaa_qc_ok"": true}",11.096,2024-01-03 06:00:00+00:00,2024-01-03 06:00:00+00:00,available
2024-01-03 08:00:00+00:00,2024-01-03 14:00:00+00:00,HOHONU_TEST,NOAA_TEST,360,"{""hohonu_freshness_seconds"": 0.0, ""hohonu_qc_status"": ""pass"", ""horizon_minutes"": 360, ""noaa_freshness_seconds"": 0.0, ""noaa_qc_status"": ""verified"", ""noaa_residual_trend_m_per_hour"": 4.625929269271485e-18, ""recent_hohonu_trend_m_per_hour"": -0.019873233603137357, ""recent_noaa_residual_m"": 0.12, ""tide_phase"": ""rising""}","[""local_tide"", ""noaa_residual""]","{""local_persistence"": {""confidence"": 0.78, ""lower_m"": -0.44639001561090924, ""prediction_m"": -0.16715061399208508, ""status"": ""success"", ""upper_m"": 0.11208878762673907}, ""local_tide"": {""confidence"": 0.75, ""lower_m"": -0.27028383891353736, ""prediction_m"": -0.1502838389135374, ""status"": ""success"", ""upper_m"": -0.030283838913537392}, ""noaa_residual"": {""confidence"": 0.76, ""lower_m"": -0.2602838389135374, ""prediction_m"": -0.030283838913537378, ""status"": ""success"", ""upper_m"": 0.19971616108646262}, ""regional_to_local_residual"": {""confidence"": 0.6719999999999999, ""lower_m"": -0.3222838389135374, ""prediction_m"": -0.030283838913537392, ""status"": ""success"", ""upper_m"": 0.26171616108646256}, ""safe_fallback"": {""confidence"": 0.526, ""lower_m"": -0.4502838389135374, ""prediction_m"": -0.1502838389135374, ""status"": ""success"", ""upper_m"": 0.14971616108646266}}",-0.045132730880580105,"{""local_persistence"": -0.12201788311150498, ""local_tide"": -0.10515110803295728, ""noaa_residual"": 0.014848891967042727, ""regional_to_local_residual"": 0.014848891967042713, ""safe_fallback"": -0.10515110803295728}",-0.0303,0.014832730880580104,0.0,"{""hohonu_qc_ok"": true, ""missing_latest_hohonu"": false, ""missing_latest_noaa"": false, ""missing_tide_prediction"": false, ""noaa_qc_ok"": true}",10.01,2024-01-03 08:00:00+00:00,2024-01-03 08:00:00+00:00,available
2024-01-03 10:00:00+00:00,2024-01-03 16:00:00+00:00,HOHONU_TEST,NOAA_TEST,360,"{""hohonu_freshness_seconds"": 0.0, ""hohonu_qc_status"": ""pass"", ""horizon_minutes"": 360, ""noaa_freshness_seconds"": 0.0, ""noaa_qc_status"": ""verified"", ""noaa_residual_trend_m_per_hour"": 0.0, ""recent_hohonu_trend_m_per_hour"": -0.16482966261816376, ""recent_noaa_residual_m"": 0.12, ""tide_phase"": ""rising""}","[""local_tide"", ""noaa_residual""]","{""local_persistence"": {""confidence"": 0.78, ""lower_m"": -1.863438359788172, ""prediction_m"": -1.4534383597881722, ""status"": ""success"", ""upper_m"": -1.0434383597881722}, ""local_tide"": {""confidence"": 0.75, ""lower_m"": 0.07343205358207072, ""prediction_m"": 0.19343205358207072, ""status"": ""success"", ""upper_m"": 0.3134320535820707}, ""noaa_residual"": {""confidence"": 0.76, ""lower_m"": 0.0834320535820707, ""prediction_m"": 0.3134320535820707, ""status"": ""success"", ""upper_m"": 0.5434320535820707}, ""regional_to_local_residual"": {""confidence"": 0.6719999999999999, ""lower_m"": 0.02143205358207073, ""prediction_m"": 0.3134320535820707, ""status"": ""success"", ""upper_m"": 0.6054320535820708}, ""safe_fallback"": {""confidence"": 0.526, ""lower_m"": -0.10656794641792933, ""prediction_m"": 0.19343205358207072, ""status"": ""success"", ""upper_m"": 0.49343205358207076}}",0.4682527530566871,"{""local_persistence"": -1.9216911128448593, ""local_tide"": -0.2748206994746164, ""noaa_residual"": -0.1548206994746164, ""regional_to_local_residual"": -0.1548206994746164, ""safe_fallback"": -0.2748206994746164}",0.3134,-0.1548527530566871,0.0,"{""hohonu_qc_ok"": true, ""missing_latest_hohonu"": false, ""missing_latest_noaa"": false, ""missing_tide_prediction"": false, ""noaa_qc_ok"": true}",10.195,2024-01-03 10:00:00+00:00,2024-01-03 10:00:00+00:00,available
2024-01-03 12:00:00+00:00,2024-01-03 18:00:00+00:00,HOHONU_TEST,NOAA_TEST,360,"{""hohonu_freshness_seconds"": 0.0, ""hohonu_qc_status"": ""pass"", ""horizon_minutes"": 360, ""noaa_freshness_seconds"": 0.0, ""noaa_qc_status"": ""verified"", ""noaa_residual_trend_m_per_hour"": 0.0, ""recent_hohonu_trend_m_per_hour"": -0.1549610019535465, ""recent_noaa_residual_m"": 0.12, ""tide_phase"": ""falling""}","[""local_tide"", ""noaa_residual""]","{""local_persistence"": {""confidence"": 0.78, ""lower_m"": -1.8201985822868143, ""prediction_m"": -1.4101985822868144, ""status"": ""success"", ""upper_m"": -1.0001985822868145}, ""local_tide"": {""confidence"": 0.75, ""lower_m"": 0.09010404325406901, ""prediction_m"": 0.210104043254069, ""status"": ""success"", ""upper_m"": 0.330104043254069}, ""noaa_residual"": {""confidence"": 0.76, ""lower_m"": 0.10010404325406899, ""prediction_m"": 0.330104043254069, ""status"": ""success"", ""upper_m"": 0.560104043254069}, ""regional_to_local_residual"": {""confidence"": 0.6719999999999999, ""lower_m"": 0.03810404325406902, ""prediction_m"": 0.330104043254069, ""status"": ""success"", ""upper_m"": 0.622104043254069}, ""safe_fallback"": {""confidence"": 0.526, ""lower_m"": -0.08989595674593104, ""prediction_m"": 0.210104043254069, ""status"": ""success"", ""upper_m"": 0.5101040432540691}}",0.5061144475794762,"{""local_persistence"": -1.9163130298662905, ""local_tide"": -0.2960104043254072, ""noaa_residual"": -0.1760104043254072, ""regional_to_local_residual"": -0.1760104043254072, ""safe_fallback"": -0.2960104043254072}",0.3301,-0.1760144475794762,0.0,"{""hohonu_qc_ok"": true, ""missing_latest_hohonu"": false, ""missing_latest_noaa"": false, ""missing_tide_prediction"": false, ""noaa_qc_ok"": true}",10.452,2024-01-03 12:00:00+00:00,2024-01-03 12:00:00+00:00,available
2024-01-03 14:00:00+00:00,2024-01-03 20:00:00+00:00,HOHONU_TEST,NOAA_TEST,360,"{""hohonu_freshness_seconds"": 0.0, ""hohonu_qc_status"": ""pass"", ""horizon_minutes"": 360, ""noaa_freshness_seconds"": 0.0, ""noaa_qc_status"": ""verified"", ""noaa_residual_trend_m_per_hour"": 0.0, ""recent_hohonu_trend_m_per_hour"": 0.0004630802487801423, ""recent_noaa_residual_m"": 0.12, ""tide_phase"": ""falling""}","[""local_tide"", ""noaa_residual""]","{""local_persistence"": {""confidence"": 0.78, ""lower_m"": -0.20513273088058012, ""prediction_m"": -0.04235424938789925, ""status"": ""success"", ""upper_m"": 0.12042423210478162}, ""local_tide"": {""confidence"": 0.75, ""lower_m"": -0.2584140369669527, ""prediction_m"": -0.1384140369669527, ""status"": ""success"", ""upper_m"": -0.018414036966952707}, ""noaa_residual"": {""confidence"": 0.76, ""lower_m"": -0.24841403696695272, ""prediction_m"": -0.018414036966952707, ""status"": ""success"", ""upper_m"": 0.2115859630330473}, ""regional_to_local_residual"": {""confidence"": 0.6719999999999999, ""lower_m"": -0.3104140369669527, ""prediction_m"": -0.018414036966952707, ""status"": ""success"", ""upper_m"": 0.2735859630330473}, ""safe_fallback"": {""confidence"": 0.526, ""lower_m"": -0.43841403696695275, ""prediction_m"": -0.1384140369669527, ""status"": ""success"", ""upper_m"": 0.16158596303304734}}",0.06858103730138378,"{""local_persistence"": -0.11093528668928303, ""local_tide"": -0.20699507426833647, ""noaa_residual"": -0.08699507426833648, ""regional_to_local_residual"": -0.08699507426833648, ""safe_fallback"": -0.20699507426833647}",-0.0184,-0.08698103730138378,0.0,"{""hohonu_qc_ok"": true, ""missing_latest_hohonu"": false, ""missing_latest_noaa"": false, ""missing_tide_prediction"": false, ""noaa_qc_ok"": true}",9.89,2024-01-03 14:00:00+00:00,2024-01-03 14:00:00+00:00,available
2024-01-03 16:00:00+00:00,2024-01-03 22:00:00+00:00,HOHONU_TEST,NOAA_TEST,360,"{""hohonu_freshness_seconds"": 0.0, ""hohonu_qc_status"": ""pass"", ""horizon_minutes"": 360, ""noaa_freshness_seconds"": 0.0, ""noaa_qc_status"": ""verified"", ""noaa_residual_trend_m_per_hour"": 0.0, ""recent_hohonu_trend_m_per_hour"": 0.15545218952264614, ""recent_noaa_residual_m"": 0.12, ""tide_phase"": ""falling""}","[""local_tide"", ""noaa_residual""]","{""local_persistence"": {""confidence"": 0.78, ""lower_m"": 0.9909658901925639, ""prediction_m"": 1.400965890192564, ""status"": ""success"", ""upper_m"": 1.810965890192564}, ""local_tide"": {""confidence"": 0.75, ""lower_m"": -0.6222718041987293, ""prediction_m"": -0.5022718041987293, ""status"": ""success"", ""upper_m"": -0.3822718041987293}, ""noaa_residual"": {""confidence"": 0.76, ""lower_m"": -0.6122718041987293, ""prediction_m"": -0.3822718041987293, ""status"": ""success"", ""upper_m"": -0.1522718041987293}, ""regional_to_local_residual"": {""confidence"": 0.6719999999999999, ""lower_m"": -0.6742718041987292, ""prediction_m"": -0.3822718041987293, ""status"": ""success"", ""upper_m"": -0.09027180419872932}, ""safe_fallback"": {""confidence"": 0.526, ""lower_m"": -0.8022718041987293, ""prediction_m"": -0.5022718041987293, ""status"": ""success"", ""upper_m"": -0.20227180419872925}}",-0.39767847654291344,"{""local_persistence"": 1.7986443667354775, ""local_tide"": -0.10459332765581586, ""noaa_residual"": 0.015406672344184136, ""regional_to_local_residual"": 0.015406672344184136, ""safe_fallback"": -0.10459332765581586}",-0.3823,0.015378476542913466,0.0,"{""hohonu_qc_ok"": true, ""missing_latest_hohonu"": false, ""missing_latest_noaa"": false, ""missing_tide_prediction"": false, ""noaa_qc_ok"": true}",10.498,2024-01-03 16:00:00+00:00,2024-01-03 16:00:00+00:00,available
